row,rev_id,title,user_class,diff_url,vandalism,notes
1,1377662845,Olamide,registered,https://en.wikipedia.org/w/index.php?diff=1377662845,n,
2,1377665732,Vehicle registration plates of Australia,temporary,https://en.wikipedia.org/w/index.php?diff=1377665732,u,unexplained one-letter change to a plate format; cannot verify
3,1377663452,Seawoods,registered,https://en.wikipedia.org/w/index.php?diff=1377663452,n,
4,1377663095,Troy Kastigar,registered,https://en.wikipedia.org/w/index.php?diff=1377663095,n,
5,1377664848,Sam Kydd,temporary,https://en.wikipedia.org/w/index.php?diff=1377664848,n,undoes 24 unsourced revisions
6,1377665610,Slovenia,temporary,https://en.wikipedia.org/w/index.php?diff=1377665610,y,"blanks infobox and hatnotes (-11k bytes), no summary"
7,1377663682,List of General Hospital Episodes,registered,https://en.wikipedia.org/w/index.php?diff=1377663682,n,
8,1377665300,List of 400-plus innings scores in One Day International cricket matches,registered,https://en.wikipedia.org/w/index.php?diff=1377665300,n,good-faith record entry (venue/city mismatch looks like an error)
9,1377666587,Jeru the Damaja,registered,https://en.wikipedia.org/w/index.php?diff=1377666587,n,
10,1377661857,Flydubai Flight 1073,registered,https://en.wikipedia.org/w/index.php?diff=1377661857,n,"good-faith casualty update, unverified"
11,1377667546,Peter Obi,registered,https://en.wikipedia.org/w/index.php?diff=1377667546,n,
12,1377663340,Choosin' Texas,registered,https://en.wikipedia.org/w/index.php?diff=1377663340,n,
13,1377660754,Mermerus and Pheres,registered,https://en.wikipedia.org/w/index.php?diff=1377660754,n,
14,1377663406,2026 Ottawa municipal election,registered,https://en.wikipedia.org/w/index.php?diff=1377663406,n,experienced editor reverting unsourced POV
15,1377664014,List of English football champions,temporary,https://en.wikipedia.org/w/index.php?diff=1377664014,n,restores correct table over a vandalised version
16,1377667323,Ross Charlton,registered,https://en.wikipedia.org/w/index.php?diff=1377667323,n,
17,1377664688,List of English football champions,registered,https://en.wikipedia.org/w/index.php?diff=1377664688,y,restores 'Shamchester City' and blanked table cells
18,1377663800,Moyshe Litvakov,registered,https://en.wikipedia.org/w/index.php?diff=1377663800,n,
19,1377662193,Lenny McLean,registered,https://en.wikipedia.org/w/index.php?diff=1377662193,n,
20,1377666250,Alex Freeman,registered,https://en.wikipedia.org/w/index.php?diff=1377666250,n,
21,1377662405,FNaF World,registered,https://en.wikipedia.org/w/index.php?diff=1377662405,n,
22,1377666508,Madden NFL 09,temporary,https://en.wikipedia.org/w/index.php?diff=1377666508,n,
23,1377665167,University of Sydney Union,registered,https://en.wikipedia.org/w/index.php?diff=1377665167,n,anti-vandalism revert
24,1377663854,Project Wolf Hunting,temporary,https://en.wikipedia.org/w/index.php?diff=1377663854,y,replaces lead with 'THIS IS BORING'
25,1377661462,2023 Nigerian Senate elections in Niger State,registered,https://en.wikipedia.org/w/index.php?diff=1377661462,n,"empty section header; poor, not malicious"
26,1377664637,Tornadoes of 2026,registered,https://en.wikipedia.org/w/index.php?diff=1377664637,n,
27,1377663964,Olamide,registered,https://en.wikipedia.org/w/index.php?diff=1377663964,n,
28,1377662368,List of Orishas,registered,https://en.wikipedia.org/w/index.php?diff=1377662368,n,
29,1377664702,Troy (given name),registered,https://en.wikipedia.org/w/index.php?diff=1377664702,n,
30,1377666968,"George Tuchet, 9th Baron Audley",temporary,https://en.wikipedia.org/w/index.php?diff=1377666968,n,
31,1377664057,F. A. S. Ogunmuyiwa,registered,https://en.wikipedia.org/w/index.php?diff=1377664057,n,
32,1377664915,Olamide,registered,https://en.wikipedia.org/w/index.php?diff=1377664915,n,
33,1377666413,2026 in paleontology,registered,https://en.wikipedia.org/w/index.php?diff=1377666413,n,
34,1377662389,Quanah High School,registered,https://en.wikipedia.org/w/index.php?diff=1377662389,n,
35,1377665283,Hum Dil De Chuke Sanam,registered,https://en.wikipedia.org/w/index.php?diff=1377665283,n,
36,1377662876,Chitoshi Isozaki,registered,https://en.wikipedia.org/w/index.php?diff=1377662876,n,
37,1377666095,Parliamentary Under-Secretary of State for Justice,registered,https://en.wikipedia.org/w/index.php?diff=1377666095,n,
38,1377665461,Communists of Russia,registered,https://en.wikipedia.org/w/index.php?diff=1377665461,n,
39,1377661045,Avidyā (Buddhism),registered,https://en.wikipedia.org/w/index.php?diff=1377661045,n,
40,1377663515,Ysgol Aberconwy,temporary,https://en.wikipedia.org/w/index.php?diff=1377663515,y,"'massive' school, 'its your own clothes', removes uniform section"
41,1377663605,Tenerife,registered,https://en.wikipedia.org/w/index.php?diff=1377663605,n,
42,1377665232,Venetian Renaissance architecture,registered,https://en.wikipedia.org/w/index.php?diff=1377665232,n,
43,1377664030,Olamide,registered,https://en.wikipedia.org/w/index.php?diff=1377664030,n,
44,1377662129,Coat of arms of King's College London,registered,https://en.wikipedia.org/w/index.php?diff=1377662129,n,
45,1377665265,Pseudotrichonotus altivelis,registered,https://en.wikipedia.org/w/index.php?diff=1377665265,n,
46,1377663346,First Days (Modern Family),temporary,https://en.wikipedia.org/w/index.php?diff=1377663346,n,copyedit with a typo
47,1377660932,Canada Day,temporary,https://en.wikipedia.org/w/index.php?diff=1377660932,y,repipes Philéas Côté link to a made-up name
48,1377663814,Ethiopian–Adal War,temporary,https://en.wikipedia.org/w/index.php?diff=1377663814,y,swaps 'Somali–Portuguese' for 'stalemate' in a wikilink
49,1377664529,List of Hell's Kitchen (American TV series) episodes,temporary,https://en.wikipedia.org/w/index.php?diff=1377664529,n,
50,1377665284,University of Sydney Union,temporary,https://en.wikipedia.org/w/index.php?diff=1377665284,u,repeat unexplained removal of sourced content after it was restored; dispute or disruption
51,1377667354,Scullery maid,registered,https://en.wikipedia.org/w/index.php?diff=1377667354,y,adds 'KIM JONG UN IS MASTER OF GOON'
52,1377664292,Top of the Pops,temporary,https://en.wikipedia.org/w/index.php?diff=1377664292,n,grammar edit that introduced an error
53,1377666482,Sultan Hasanuddin International Airport,registered,https://en.wikipedia.org/w/index.php?diff=1377666482,n,
54,1377660777,Gatling (software),registered,https://en.wikipedia.org/w/index.php?diff=1377660777,n,
55,1377667107,Wrestling at the 2026 Asian Games – Men's Greco-Roman 130 kg,registered,https://en.wikipedia.org/w/index.php?diff=1377667107,n,
56,1377664611,Moros during World War II,registered,https://en.wikipedia.org/w/index.php?diff=1377664611,n,
57,1377662938,San Cristóbal de La Laguna,registered,https://en.wikipedia.org/w/index.php?diff=1377662938,n,
58,1377664847,Karmen Petrovic,temporary,https://en.wikipedia.org/w/index.php?diff=1377664847,n,removes death claim as false; good faith either way
59,1377661440,Football in Singapore,registered,https://en.wikipedia.org/w/index.php?diff=1377661440,n,
60,1377664448,Chinua Achebe,registered,https://en.wikipedia.org/w/index.php?diff=1377664448,n,
61,1377661249,Indonesia at the 2026 Asian Games,temporary,https://en.wikipedia.org/w/index.php?diff=1377661249,n,"medal count update, unsourced"
62,1377661873,Bishop's Stortford railway station,registered,https://en.wikipedia.org/w/index.php?diff=1377661873,n,
63,1377661966,Igor Banović,registered,https://en.wikipedia.org/w/index.php?diff=1377661966,n,
64,1377661071,Alexandrit-class minesweeper,registered,https://en.wikipedia.org/w/index.php?diff=1377661071,n,
65,1377664467,"List of county routes in Cumberland County, New Jersey",registered,https://en.wikipedia.org/w/index.php?diff=1377664467,n,
66,1377662874,Olamide,registered,https://en.wikipedia.org/w/index.php?diff=1377662874,n,
67,1377666342,Hugh Nelson (Canadian politician),registered,https://en.wikipedia.org/w/index.php?diff=1377666342,n,
68,1377663221,Illuminated Chronicle,registered,https://en.wikipedia.org/w/index.php?diff=1377663221,n,
69,1377667128,Clumsy (Fergie song),temporary,https://en.wikipedia.org/w/index.php?diff=1377667128,u,swaps the cited comparison for a different song; cannot verify which is right
70,1377661508,Seawoods,registered,https://en.wikipedia.org/w/index.php?diff=1377661508,n,
71,1377666477,Marcelino Núñez,temporary,https://en.wikipedia.org/w/index.php?diff=1377666477,n,
72,1377667396,Scullery maid,registered,https://en.wikipedia.org/w/index.php?diff=1377667396,n,ClueBot NG revert
73,1377661369,Sycamore Gap tree,registered,https://en.wikipedia.org/w/index.php?diff=1377661369,n,
74,1377666307,Llanfairpwllgwyngyll,temporary,https://en.wikipedia.org/w/index.php?diff=1377666307,n,good-faith puffery ('brilliant and great town')
75,1377660695,2026 Ottawa Redblacks season,registered,https://en.wikipedia.org/w/index.php?diff=1377660695,n,
76,1377665452,Strongwoman,registered,https://en.wikipedia.org/w/index.php?diff=1377665452,n,
77,1377664834,Neerja Modi School,registered,https://en.wikipedia.org/w/index.php?diff=1377664834,n,revert of unexplained changes
78,1377663859,Dark energy,temporary,https://en.wikipedia.org/w/index.php?diff=1377663859,u,revision text hidden by revision deletion; cannot see the content
79,1377661549,SC Delhi,registered,https://en.wikipedia.org/w/index.php?diff=1377661549,n,
80,1377660697,2026 NCAA Division I FBS football season,registered,https://en.wikipedia.org/w/index.php?diff=1377660697,n,
81,1377661086,"Karaköy, Aydın",registered,https://en.wikipedia.org/w/index.php?diff=1377661086,n,
82,1377663990,Johan Vandewalle,registered,https://en.wikipedia.org/w/index.php?diff=1377663990,n,
83,1377663390,Seawoods,registered,https://en.wikipedia.org/w/index.php?diff=1377663390,n,
84,1377664880,Sde Boaz,registered,https://en.wikipedia.org/w/index.php?diff=1377664880,n,sourced status change; content dispute territory
85,1377663832,Troy (given name),registered,https://en.wikipedia.org/w/index.php?diff=1377663832,n,
86,1377667343,Kashmirites,registered,https://en.wikipedia.org/w/index.php?diff=1377667343,n,
87,1377662695,Whitespace (programming language),temporary,https://en.wikipedia.org/w/index.php?diff=1377662695,y,replaces the language's creator with an unrelated name
88,1377666834,Peter Devlin (snooker player),registered,https://en.wikipedia.org/w/index.php?diff=1377666834,n,
89,1377665074,Tyson Fury,registered,https://en.wikipedia.org/w/index.php?diff=1377665074,n,
90,1377666694,Nathan Guy,temporary,https://en.wikipedia.org/w/index.php?diff=1377666694,y,'british school boy who is bad class rep'
91,1377662912,List of General Hospital Episodes,registered,https://en.wikipedia.org/w/index.php?diff=1377662912,n,
92,1377664463,Inox Air Products,registered,https://en.wikipedia.org/w/index.php?diff=1377664463,n,
93,1377664750,2025–26 Professional U21 Development League,registered,https://en.wikipedia.org/w/index.php?diff=1377664750,u,changes a player's flag ENG->BAN; cannot verify
94,1377666271,Daisy Chainsaw,registered,https://en.wikipedia.org/w/index.php?diff=1377666271,n,
95,1377662548,Tsundere,temporary,https://en.wikipedia.org/w/index.php?diff=1377662548,y,inserts 'girl named kyu' into the definition
96,1377663350,Tenerife,registered,https://en.wikipedia.org/w/index.php?diff=1377663350,n,
97,1377665250,Peter Whiteley (Royal Marines officer),registered,https://en.wikipedia.org/w/index.php?diff=1377665250,n,
98,1377667052,2009 Oita Trinita season,registered,https://en.wikipedia.org/w/index.php?diff=1377667052,n,
99,1377666940,Sam Spence,temporary,https://en.wikipedia.org/w/index.php?diff=1377666940,n,swaps a maintenance template
100,1377662547,DreamWorks Animation Television,temporary,https://en.wikipedia.org/w/index.php?diff=1377662547,n,
